"Bill of Material for "
"On 8/3/2019 at 8:27:39 PM"

"Comment","Pattern","Quantity","Components"

"0.6V","LED - 0603 - Blue","1","LED20","Blue, 0603"
"0.8V","LED - 0603 - Blue","1","LED19","Blue, 0603"
"1.25V","LED - 0603 - Blue","1","LED17","Blue, 0603"
"1.2k","0603 Resistor","3","R45, R47, R52","1%, 0603"
"1.5k","0603 Resistor","2","R54, R56","1%, 0603"
"1.5V","LED - 0603 - Blue","1","LED16","Blue, 0603"
"1.8k","0603 Resistor","3","R46, R48, R53","1%, 0603"
"1.8V","LED - 0603 - Blue","1","LED15","Blue, 0603"
"100","0603 Resistor","1","R43","1%, 0603"
"100k (FBHigh)","Potentiometer (3x3mm SMD)","1","POT3","100k, 3mm x 3mm, Single Turn"
"100k","0603 Resistor","2","R10, R27","1%, 0603"
"100k","Potentiometer (3386P-103TL)","1","POT1","3386P-1-104"
"100uF","Capacitor - Tantalum - Case B","1","C15","16V, 107"
"10k","0603 Resistor","14","R12, R29, R32, R33, R34, R35, R36, R37, R38, R39, R40, R41, R42, R49","1%, 0603"
"10V","LED - 0603 - Red","1","LED3","Red, 0603"
"11V","LED - 0603 - White","1","LED2","White, 0603"
"12k","0603 Resistor","4","R18, R28, R62, R63","1%, 0603"
"12V","LED - 0603 - White","1","LED1","White, 0603"
"1k","0603 Resistor","29","R1, R2, R3, R4, R5, R6, R7, R8, R9, R13, R15, R16, R17, R20, R21, R22, R23, R24, R25, R26, R30, R50, R51, R55, R57, R58, R59, R60, R61","1%, 0603"
"1uF","0603 Capacitor","4","C2, C4, C5, C12","0603 Ceramic Capacitor"
"1V","LED - 0603 - Blue","1","LED18","Blue, 0603"
"2.2k*","0603 Resistor","1","R19","1%, 0603"
"2.2uF","0603 Capacitor","1","C13","0603 Ceramic Capacitor"
"22uF","0603 Capacitor","2","C10, C11","0603 Ceramic Capacitor"
"22uF","0805 Capacitor","2","C7, C8","0805 Ceramic Capacitor, 16V Min"
"22uH","7x7x3mm","2","L1, L2","06030, 22uH, 3A"
"22uH","CD32","2","L3, L4","CD32-220, Power Inductor, 22uH, 0.5A"
"2V","LED - 0603 - Blue","1","LED14","Blue, 0603"
"3.3k*","0603 Resistor","1","R31","1%, 0603"
"3.3V","LED - 0603 - Green","1","LED12","Green, 0603"
"3.6V","LED - 0603 - Green","1","LED11","Green, 0603"
"3.9k","0603 Resistor","1","R44","1%, 0603"
"3k (FBLow)","Potentiometer (3x3mm SMD)","1","POT4","3k, 3mm x 3mm, Single Turn"
"3V","LED - 0603 - Green","1","LED13","Green, 0603"
"4.5V","LED - 0603 - Green","1","LED9","Green, 0603"
"4.7uF","0603 Capacitor","2","C1, C3","0603 Ceramic Capacitor"
"4.7uF","Capacitor - Tantalum - Case A","1","C16","16V, 475"
"4.7uF","Capacitor - Tantalum - Case B","1","C14","25V, 475"
"470","0603 Resistor","2","R11, R14","1%, 0603"
"4V","LED - 0603 - Green","1","LED10","Green, 0603"
"5.6uF","0805 Capacitor","2","C6, C9","0805 Ceramic Capacitor, 16V Min"
"5k (VCC Low)","Potentiometer (3x3mm SMD)","1","POT2","5k, 3mm x 3mm, Single Turn"
"5V","LED - 0603 -  Yellow","1","LED8","Yellow, 0603"
"6V","LED - 0603 -  Yellow","1","LED7","Yellow, 0603"
"7V","LED - 0603 - Orange","1","LED6","Orange, 0603"
"82k*","0603 Resistor","1","R64","1%, 0603"
"8V","LED - 0603 - Orange","1","LED5","Orange, 0603"
"9V","LED - 0603 - Red","1","LED4","Red, 0603"
"B130LAW","SOD123","1","D1","Schottky Diode, 1A, 30V RRM,  0.42V FWD Voltage, (SXD1)"
"CHRG","LED - 0603 - Blue","1","LED21","Blue, 0603"
"DMP1045U","Mosfet - Sot23 - Generic","1","Q1","P-Channel, SOT-23, 20V, 3.7A, 01AH"
"Header - 4pin - 2.54mm - Single Row","HDR1X4","2","P1, P2","Single Row, 4-Pin, Male/Female/Right Male/Right Female"
"JST (50 mil)","JST - 1.25 - GH - 2 Pin - Thru - Vert","1","BATT1","Lipo Connector"
"Lipo Battery - 603048 - No Leads","Lipo Battery - 603048","1","BATT2","Lipo Battery - 603048 - No Leads"
"LM339","SOIC-14*","5","Q2, Q3, Q4, Q5, Q6","Operational Amplifier - LM358 - Quad (SOIC-14)"
"MCP73831T","SOT-23-OT5_N","1","U1","Miniature Single-Cell, Fully Integrated Li-Ion, Li-Polymer Charge Management Controller, 4.2V, 5-Pin SOT-23, Industrial Temperature, Tape and Reel"
"MF-PSMF050X-2","0805 Fuse - Gold","1","Fuse1","0805, 6V, 0.5A, (4)"
"MIC5225-5.0","SOT23-5","1","U5","5.0V (Microchip) (SOT23-5)"
"Micro","Micro USB - Midmount","1","USB1","Micro"
"MT3608","SOT23-6","2","U3, U4","2-24V input, 28V output, 2A (Aerosemi) (SOT23-6)"
"PWR","LED - 0603 - Red","1","LED22","Red, 0603"
"Solderless","Protoboard - 30 Row- Solderless*","1","Board1","30 Row"
"SS34","DO-214AC (SMA)","2","D2, D3","Schottky Diode, 3A, 40V RRM, 0.5 FWD Voltage, (SS34)"
"XC6206P","SOT-23-3","1","U2","3.3V (Torex) (SOT-23) (3 Pin)"
"XKB5858-Z","Toggle Switch - THRU (6mm x 6mm x 10mm)(Latching)","1","SW1","THRU (6mm x 6mm x 10mm)(Latching)"
